term,df,sumsq,meansq,statistic,p.value
edu_cat,2,4216.84,2108.42,895.332,3.029999999999998e-223
union,1,835.31,835.31,354.711,6.379999999999999e-68
Residuals,996,2345.48,2.35,NA,NA
