"estimator","estimate","se","bias"
"OLS (linear-in-X)",2.58970130409196,0.0179176416782724,1.08970130409196
"Naive ML (no CF)",2.18903897838348,0.0330719115492252,0.689038978383483
"DDML — lasso only",2.58863672371794,0.0182067614979813,1.08863672371794
"DDML — random forest only",2.16140061110709,0.0349384139446215,0.661400611107091
"DDML — stacked",1.79078586028735,0.0312409119038307,0.290785860287352
